id,卖点,卖点表达,,,,
0,进阶保护力,添加了近六倍高活免疫球蛋白，高含量乳铁蛋白，5大HMO，有这三大保护力打配合，全方位给孩子的身体保驾护航，状态不掉线。,,,,
1,进阶保护力,旺玥的配方搭配就非常硬核，有保护力黄金三角：近6倍高活免疫球蛋白，再加上高含量乳铁蛋白，还有五大HMO，就像“小卫士”在保护孩子，让孩子充满活力。三者协同“作战”，给孩子全方位守护，助力保护力。,,,,
2,进阶保护力,旺玥含有近6倍高活免疫球蛋白、高含量乳铁蛋白和HMO，有助于孩子的日常保护力，帮助她更好地适应多变的环境。,,,,
3,进阶保护力,"
高活免疫球蛋白、乳铁蛋白、HMO三大保护力都添加到，能给孩子全方位保护",,,,
4,进阶保护力,旺玥儿童奶粉含有近6倍高活免疫球蛋白，搭配高含量乳铁蛋白和HMO，能让孩子的保护力时刻在线，换季降温也能活力满满。,,,,
5,进阶保护力,专为3岁以上儿童成长研发的配方，含有高活免疫球蛋白➕高含量乳铁蛋白➕5大HMO，3大明星营养进阶保护，直达保护力,,,,
6,进阶保护力,旺玥不仅添加近6倍高活免疫球蛋白，还有高含量乳铁蛋白再加上5大HMO，同时拥有相当于建立了保护力“黄金三角”，给孩子扎实防护。,,,,
7,进阶保护力,旺玥儿童奶粉含有近6倍免疫球蛋白，还搭配了90mg/100g乳铁蛋白和HMO，三大保护力织密防护网，孩子的保护力在线，背着小书包上学时总活力满满的，我也少操心了。,,,,
8,进阶保护力,旺玥添加了近6倍高活免疫球蛋白，还搭配了高含量的乳铁蛋白和HMO，就像给孩子穿上了3层“爱的护甲”，拥有强大的保护力，孩子才能更安心去感受这个世界的美好,,,,
9,进阶保护力,皇家美素佳儿旺玥含有近6倍高活免疫球蛋白，再搭配乳铁蛋白和5大HMO，这三重保护力，能帮孩子在幼儿园这种复杂的环境里建立起坚实的保护屏障，运动学习都更加让我省心。,,,,
10,进阶保护力,皇家美素佳儿旺玥是专门为3岁以上儿童专属研发的，里面高活免疫球蛋白+高含量乳铁蛋白+5大HMO组合，像一层“保护罩”，支持孩子建立保护力。,,,,
11,进阶保护力,近6倍高活免疫球蛋白，高含量乳铁蛋白，5大HMO形成“防护三重盾”，孩子的小身板越发结实了，换季出去玩吹风也不怕了，而且吃饭胃口特别好，小脸蛋儿圆嘟嘟的。,,,,
12,进阶保护力,"
换季期，早晚温差变化较大，拥有保护力就格外关键，旺玥含有免疫球蛋白，还有大家所熟知的乳铁蛋白，以及5大HMO，三种保护力协作为孩子的身体保驾护航。",,,,
13,进阶保护力,旺玥针对三岁以上孩子，含有近6倍高活免疫球蛋白，高含量乳铁蛋白，5大HMO，三大明星营养强强联手，给孩子的成长满满的呵护,,,,
14,进阶保护力,旺玥是专门为3岁以上孩子设计的“成长搭档”，含有免疫球蛋白+乳铁蛋白+5大HMO，能够支持孩子的进阶保护~就像是给孩子穿上一件“隐形护盾”，能帮他在多变天气和集体环境里，更好地建立自己的防御力。说它是幼儿园孩子的“小护盾+营养包”真不算夸张！,,,,
15,进阶保护力,旺玥奶粉是我的心头好！近6倍高活免疫球蛋白、高含量乳铁蛋白再加上5大HMO，三者强强联合，前一阵班里有小朋友中招，孩子也稳稳扛住了，这保护力真的肉眼可见。,,,,
16,进阶保护力,它是专为3岁+研发的IMMU GEN强护配方！以三重保护力营养为盾——原萃活性免疫球蛋白+超群乳铁蛋白+5种HMO协同发力，给孩子层层防护。,,,,
17,进阶保护力,这款奶粉有专为3岁+儿童研发的IMMU GEN强护配方，含有原萃活性免疫球蛋白+超群乳铁蛋白+5种HMO，三重营养强强联手，给孩子进阶保护，夯实小身板,,,,
18,进阶保护力,它是针对三岁以上孩子研发了IMMU GEN强护配方：原萃活性免疫球蛋白+超群乳铁蛋白+5种HMO，为他的小身体筑起“防护盾”,,,,
19,进阶保护力,它是针对三岁以上孩子研发的IMMU GEN强护配方：原萃活性免疫球蛋白+超群乳铁蛋白+5种HMO，，三大营养守护，筑起了营养防护盾。,,,,
20,进阶保护力,它专为3岁+儿童研发的IMMU GEN强护配方：里面含有原萃活性免疫球蛋白+超群乳铁蛋白+5种HMO三大保护力营养，体质“加固”轻松拿捏住,,,,
21,进阶保护力,它有专门为3岁以上孩子打造的IMMU GEN强护配方，包括原萃活性免疫球蛋白、乳铁蛋白和5种HMO，给娃的健康筑成了三重堡垒,,,,
22,进阶保护力,它有专门为3岁以上孩子打造的IMMU GEN强护配方：原萃活性免疫球蛋白、乳铁蛋白和5种HMO，给娃的健康筑成了三重堡垒,,,,
23,进阶保护力,它是针对三岁以上孩子研发了IMMU GEN强护配方： 原萃活性免疫球蛋白+超群乳铁蛋白+5种HMO,,,,
24,进阶保护力,它是专门为了三岁➕宝宝研发的IMMU GEN强护配方！里面包含了原萃活性免疫球蛋白+超群乳铁蛋白+5种HMO，无形中就给宝宝增加了一层“隐形保护盾”,,,,
25,进阶保护力,含有针对三岁以上孩子研发的IMMU GEN强护配方 融合了原萃活性免疫球蛋白，超群乳铁蛋白、5种HMO 三大明星营养强强联手，给孩子的成长满满的呵护,,,,
26,进阶保护力,它是专为3岁以上宝宝设计的IMMU GEN强护配方！里面的原萃活性免疫球蛋白+乳铁蛋白+5种HMO，三大保护营养协同作用，能给孩子实实在在的进阶保护！,,,,
27,进阶保护力,为3岁+小朋友专属研发的IMMU GEN强护配方。里面有原萃活性免疫球蛋白+超群乳铁蛋白+5种HMO三大明星保护成分强强联手，帮助机体进阶体质力！,,,,
28,进阶保护力,这款奶粉可是专为3岁➕儿童研发了IMMU GEN强护配方，里面的原萃活性免疫球蛋白+超群乳铁蛋白+5种HMO三大保护力营养，体格“加固”轻松拿捏住! ,,,,
29,进阶保护力,这款儿童奶粉有着专为3岁+小朋友专研的IMMU GEN配方设计，其中包含了原萃活性免疫球蛋白、超群乳铁蛋白和5种HMO。,,,,
30,进阶保护力,这款奶粉可是专为3岁➕儿童研发了IMMU GEN强护配方呢，里面的原萃活性免疫球蛋白+超群乳铁蛋白+5种HMO三大保护力营养，体质“加固”轻松拿捏住! ,,,,
31,进阶保护力,IMMU GEN强护配方：原萃活性免疫球蛋白、超群乳铁蛋白，还有5种HMO，就像是给孩子的身体装了个隐形防护罩！,,,,
32,进阶保护力,它有为3岁+儿童专研的IMMU GEN强护配方，由原萃活性免疫球蛋白、超群乳铁蛋白和5 种HMO组成的强护三次方，真的是给足宝宝保护力,,,,
33,进阶保护力,它专门为3岁以上孩子打造的IMMU GEN强护配方， 原萃活性免疫球蛋白、乳铁蛋白和5种HMO，这三种保护力成分结合，给孩子的健康加了三重保障，就像给孩子的身体建立起一座坚固的堡垒。,,,,
34,进阶保护力,这款奶粉有专为3岁+儿童研发的IMMU GEN强护配方，含有原萃活性免疫球蛋白+超群乳铁蛋白+5种HMO，三重营养强强联手，给孩子进阶保护，夯实小身板,,,,
35,进阶保护力,它是针对三岁以上孩子研发的IMMU GEN强护配方：原萃活性免疫球蛋白+超群乳铁蛋白+5种HMO，有这三大明星成分进阶保护，体质在线不用愁~ ,,,,
36,进阶保护力,专门为3岁以上孩子打造的强护配方： 含原萃活性免疫球蛋白、乳铁蛋白和5种HMO ，这专攻保护力的“铁三角”结合起来，给娃的健康筑成了三重堡垒🛡️内守外防，每天活力满满🔋～ ,,,,
37,进阶保护力,是为3岁+小朋友专属研发的IMMU GEN强护配方，原萃活性免疫球蛋白+超群乳铁蛋白+5种HMO三大明星保护成分强强联手，帮助机体进阶体质力！ ,,,,
38,进阶保护力,专门为3岁以上儿童设计的IMMU GEN强护配方，含有：原萃活性免疫球蛋白，超群乳铁蛋白和5种HMO，三者强强联手，幼儿园全勤生不在话下！,,,,
39,进阶保护力,它里面的IMMU GEN 强护配方，是专为3岁以上儿童设计的。 在体质保护方面，原萃活性免疫球蛋白、超群乳铁蛋白和HMO三种成分强强联手，帮助孩子调节内在保护！,,,,
40,进阶保护力,这款儿童成长奶粉是为3岁+儿童专属研发的IMMU GEN强护配方：原萃活性免疫球蛋白+超群乳铁蛋白+5种HMO三大营养守护，帮助孩子筑牢保护力防线！,,,,
41,进阶保护力,"这款儿童成长奶粉的IMMU GEN强护配方，专门给 3 岁+小朋友设计的😝
有原萃活性免疫球蛋白、超群乳铁蛋白和 5种HMO，就像是“成长守护神” 强力助力孩子满满的探索力 ，能够帮助孩子体质up up up~",,,,
42,进阶保护力,旺玥儿童奶粉，不仅有近6倍高活免疫球蛋白、高含量乳铁蛋白和HMO这三大明星保护力成分，为我家孩子的小身体保驾护航~,,,,
43,进阶保护力,"专为3岁+研发的IMMU GEN强护配方太戳我！
✅ 有原萃活性免疫球蛋白+乳铁蛋白+HMO三重守护，像给娃穿了“隐形防护盾”，特别是原萃活性免疫球蛋白这个营养，是有名的体质卫士，孩子成长有它在，我很放心~",,,,
44,进阶保护力,"为3岁+儿童专属研发的IMMU GEN强护配方：
✨原萃活性免疫球蛋白＋超群乳铁蛋白+5种HMO
有这三大明星保护力成分强强联合，陪伴孩子踏踏实实成长～
 ",,,,
45,进阶保护力,针对三岁以上孩子专属研发的IMMU GEN强护配方：原萃活性免疫球蛋白、超群乳铁蛋白和五种HMO，有这三大明星保护成分在，孩子的体质自然🆙🆙🆙，爸爸妈妈也会省心许多,,,,
46,进阶保护力,"专门为3岁以上宝宝研发的IMMU GEN强护配方
含原萃活性免疫球蛋白+超群乳铁蛋白+5种HMO，这三大成分强强联手，就像给娃搭了一张“隐形守护网”，在户外怎么野我都不用担心了
      ",,,,
47,进阶保护力,它里面的IMMU GEN强护配方（原萃活性免疫球蛋白、乳铁蛋白、HMO），是专门为3岁以上宝宝研发的，很可靠💪,,,,
48,进阶保护力,这款儿童成长奶粉可是专为3岁+儿童研发了IMMU GEN强护配方呢——里面的原萃活性免疫球蛋白+超群乳铁蛋白+5种HMO三大保护力营养，体质“加固”轻松拿捏住💪!,,,,
49,进阶保护力,它专为3岁+宝宝设计的IMMU GEN强护配方也太戳我了吧✨ 原萃活性免疫球蛋白+超群乳铁蛋白+5种HMO，三大保护力营养像给娃穿了件“防护盾”🛡️，小身板直接加固！,,,,
50,进阶保护力,专为三岁以上孩子研发的IMMU GEN强护配方： 原萃活性免疫球蛋白作为人体构筑一道珍贵的保护防线，搭配超群乳铁蛋白以及5种HMO，这三大明星保护力成分强强联手，共同构筑孩子的进阶保护防线~ ,,,,
51,进阶保护力,被它里面专为3岁+儿童研发的IMMU GEN强护配方打动，它真的深得我心！里面拥有原萃活性免疫球蛋白➕高含量乳铁蛋白➕5种HMO三大保护力营养，就像给宝宝配备了“内外双重防护盾”。💪,,,,
52,进阶保护力,"他家的硬核保护体系简直开挂！独有近6倍高活性免疫球蛋白（划重点❗市面上超罕见成分），增强小身板的保护力，叠加乳铁蛋白含量直接登顶（每100g含90mg！），再配合五大HMO形成三重护盾，这阵容堪称奶粉界的""保护力全家桶""！从此小身板更强壮，轻松长成大长腿小孩哥小孩姐。 

",,,,
53,进阶保护力,"这款奶粉是专为3岁+儿童研发的IMMU GEN强护配方，含有原萃活性免疫球蛋白+超群乳铁蛋白+5种HMO，三重营养强强联手，给孩子进阶保护，夯实小身板💪！
",,,,
54,进阶保护力,"皇家美素佳儿旺玥是专为3岁以上的大孩子研发的，特别添加了近6倍的高活免疫球蛋白、高含量乳铁蛋白和HMO这三大明星保护力成分，就像给孩子的小身体穿上了一件护甲，现在无论换季还是降温，依旧活力满满，也是多亏了喝旺玥打下的身体好底子！

",,,,
55,进阶保护力,"专门为3岁+孩子研发的IMMU GEN强护配方，其中就含有原萃活性免疫球蛋白+超群乳铁蛋白+5大HMO，三重buff直接给宝宝筑起自护防线，像给身体装了“防护盾”️，体质升级，状态超给力！
        

       ",,,,
56,进阶保护力,"皇家美素佳儿旺玥里面的IMMU GEN强护配方是专为3岁+儿童研发的，富含原萃活性免疫球蛋白和超群乳铁蛋白，再加上5种HMO，三大防护成分协同作用，为孩子建立起一道坚实的防护屏障💪。在这个特殊时期，让孩子在感受大自然美好的同时，也能得到全方位的保护🌈。
        
",,,,
57,进阶保护力,"皇家美素佳儿旺玥它拥有专属研发的IMMU GEN强护配方，其中包含了原萃活性免疫球蛋白+超群乳铁蛋白+5种HMO三大保护力营养！我自己也查过了，皇家美素佳儿旺玥是首款且独家含有原萃活性免疫球蛋白的儿童奶粉，而这个营养可是大名鼎鼎的“防御力卫士”哦！
",,,,
58,进阶保护力,"它是专门为3岁+儿童研发的IMMU GEN强护配方，里面的原萃活性免疫球蛋白、超群乳铁蛋白，再加上五种HMO，像给小朋友的身板搭了层稳稳的“防护网”🖐，体质扎实，我们当爸妈的也能少揪点心~
        
",,,,
59,进阶保护力,"皇家美素佳儿旺玥专为3岁以上孩子研发的IMMU GEN强护配方
        
内含原萃活性免疫球蛋白、超群乳铁蛋白，还有5种HMO强强联手
        
就像给小身板穿上隐形防护罩
        
有了它们的协助，孩子小体格壮实了不少，每天都活力满满，像个小超人！
        
",,,,
60,进阶保护力,"这款奶粉可是专为3岁➕儿童研发了IMMU GEN强护配方！
里面的原萃活性免疫球蛋白+超群乳铁蛋白+5种HMO三大保护力营养，
体质“加固”轻松拿捏住!

",,,,
61,进阶保护力,"


旺玥有着为3岁+儿童专属研发的IMMU GEN配方：原萃活性免疫球蛋白+超群乳铁蛋白+5种HMO，就像给娃穿了“防护甲”，给宝宝喝超放心~！

",,,,
62,进阶保护力,"它是专为3岁+儿童研发的IMMU GEN强护配方，里面拥有原萃活性免疫球蛋白➕高含量乳铁蛋白➕5种HMO三大保护力营养，就像给宝宝配备了“内外双重防护盾”~


        
",,,,
63,进阶保护力,含有超群乳铁蛋白和原萃活性免疫球蛋白，能给孩子建立起内外双重的保护防线，给孩子满满安全感,,,,
64,进阶保护力,"这款儿童成长奶粉它里面可是为3岁+儿童专属研发的IMMU GEN强护配方： 原萃活性免疫球蛋白＋超群乳铁蛋白+5种HMO，有这三大明星保护力成分强强联合，陪伴孩子踏踏实实成长~
",,,,
65,进阶保护力,皇家美素佳儿旺玥 含近6倍高活免疫球蛋白，搭配高含量乳铁蛋白和HMO，为孩子的身体筑起坚固的防线  ,,,,
66,进阶保护力,"
它为3岁+儿童专属研发了IMMU GEN强护配方
含有原萃活性免疫球蛋白、超群乳铁蛋白和5种HMO
三大明星成分强强联合🤝，拉满保护力

",,,,
67,进阶保护力,皇家美素佳儿旺玥富含原萃免疫球蛋白，超群乳铁蛋白5大HMO，营养丰富科学配方~,,,,
68,进阶保护力,孩子上幼儿园总是感冒，在网上找到了旺玥奶粉，荷兰原装进口，营养美味，含有免疫球蛋白，是守护孩子健康的“保护伞”，喝了一年我感觉孩子抵抗力好多了，会继续回购的。,,,,
69,眼脑双引擎,旺玥同时含有高含量DHA和珍稀燕窝酸，更好的满足营养需求。,,,,
70,眼脑双引擎,这款奶粉里的DHA含量特别实在，还有珍稀燕窝酸，对眼脑发育特别好，现在娃看绘本久了，也不揉眼睛，教他新单词记得也快，比之前专注多了。,,,,
71,眼脑双引擎,旺玥的眼脑黄金CP，高含量DHA加珍稀燕窝酸，给孩子强大的营养支持。,,,,
72,眼脑双引擎,旺玥含有高含量DHA与珍稀燕窝酸，有助于补充孩子眼脑营养，帮助孩子在日常生活中保持活力和好奇心。,,,,
73,眼脑双引擎,高含量DHA和珍稀燕窝酸，是眼脑营养补充的基础，也是眼脑发育的加分项。,,,,
74,眼脑双引擎,还有高含量DHA和珍稀燕窝酸，给孩子充足的眼脑营养支持，让他更好的观察和感受大自然,,,,
75,眼脑双引擎,旺玥有高含量DHA和珍稀燕窝酸，充当孩子的“望远镜”和“大脑加速器”，我感觉孩子学东西的速度都变快了。,,,,
76,眼脑双引擎,孩子正处学龄期，每天学习眼脑都要用上，旺玥一罐搞定眼脑营养，高含量DHA搭配珍稀燕窝酸，满足眼脑双重需求，可省心了！,,,,
77,眼脑双引擎,旺玥高含量DHA加上珍稀燕窝酸，双引擎驱动眼脑成长，让孩子能专注发掘生活里的小美好,,,,
78,眼脑双引擎,高含量DHA和珍稀燕窝酸黄金搭档，孩子的小脑瓜和小眼睛都同时补充上成长营养。,,,,
79,眼脑双引擎,"
皇家美素佳儿旺玥内有高含量DHA，同时还含有珍稀燕窝酸来加持。3岁+阶段的孩子，脑瓜和小眼睛在飞速发展，眼脑营养不能落下，旺玥的眼脑营养补充就很关键了。",,,,
80,眼脑双引擎,3岁后的孩子学习新知识，眼脑运用也变的更多，眼脑营养也需要关注起来。DHA和珍稀燕窝酸对眼脑营养发展很重要，只含其中一种已经很棒了，两种都有对眼脑发育锦上添花。,,,,
81,眼脑双引擎,旺玥这款儿童奶粉拥有高含量DHA，再加上珍稀燕窝酸这样的黄金搭档，兼顾护眼的同时还能给孩子的大脑补充成长所需的营养。,,,,
82,眼脑双引擎,高含量DHA和珍稀燕窝酸，有这对“双子星”营养搭档，孩子能获取到的眼脑营养支持就更加全面了～,,,,
83,眼脑双引擎,3岁孩子开始接触新事物啦，旺玥奶粉里的珍稀燕窝酸和高含量DHA，就像“聪明小助手”，我家孩子看书、拼图、搭积木，注意力都可集中了，老师都夸他~,,,,
84,眼脑双引擎,里面还有优量DHA和珍稀燕窝酸，双管齐下，让宝宝的成长发育同步在线。,,,,
85,眼脑双引擎,优量DHA和珍稀燕窝酸这对眼脑黄金搭档,,,,
86,眼脑双引擎,优量DHA搭配珍稀燕窝酸 两大黄金营养助力，孩子学东西更快，眼睛也更明亮！,,,,
87,眼脑双引擎,这款儿童成长奶粉里还有优量DHA和珍稀燕窝酸助阵,,,,
88,眼脑双引擎,它还含有优量DHA与珍稀燕窝酸，这对眼脑营养黄金搭档，让孩子可以更好地面对学习挑战～,,,,
89,眼脑双引擎,里面的优量DHA和珍稀燕窝酸 也是两大黄金营养强强联合 👋 兼顾日常营养补充所需👀 ,,,,
90,眼脑双引擎, 含有优量DHA和珍稀燕窝酸双管齐下，为成长加足”燃料“，让成长稳稳在线~,,,,
91,眼脑双引擎,含有成长不可或缺的优量DHA+珍稀燕窝酸，为孩子的眼脑提供双重营养加持，为成长进阶蓄力！,,,,
92,眼脑双引擎,含有优量DHA和珍稀燕窝酸哦，双重营养加持，联手助攻探索力满格～,,,,
93,眼脑双引擎,优量DHA+珍稀燕窝酸 这两种成分是孩子成长发育所必需的，两大营养双管齐下，助力孩子进阶成长，能够很好地帮助到像我们刚上一年级注意力不太集中的孩子~ ,,,,
94,眼脑双引擎,👀眼🧠脑发育也赢在起跑线！旺玥的DHA含量直接拉满天花板（每100g含73mg），搭配珍稀燕窝酸，关键营养也很充足。有了这些营养，再也不用为孩子的成长软实力操心了！,,,,
95,眼脑双引擎,它含有优量DHA和珍稀燕窝酸，营养超能打！高铁高钙高锌➕30多种关键营养，早晚一杯，轻松搞定成长所需。,,,,
96,眼脑双引擎,皇家美素佳儿旺玥添加了高含量的DHA+珍稀燕窝酸，能给孩子的小眼睛👀和大脑提供源源不断的支持！,,,,
97,眼脑双引擎,这款奶粉还含有优量DHA与珍稀燕窝酸，更好的为学习保驾护航，助力更好的探索知识，老母亲对此很满意~,,,,
98,眼脑双引擎,"含有优量DHA加上珍稀燕窝酸
        
营养更丰富，让小家伙茁壮成长的同时，还为小家伙穿上了结实的防护衣✌
        
让小家伙成长路上一路开挂
        
",,,,
99,眼脑双引擎,"这款奶粉还含有优量DHA与珍稀燕窝酸👀
更好的为学习保驾护航，老母亲对此很满意~",,,,
100,眼脑双引擎,"
小朋友面临幼小衔接关键期，用脑用眼强度大！
有旺玥的优量DHA+珍稀燕窝酸这对眼脑黄金组合，能给孩子更全面的营养",,,,
101,眼脑双引擎,小朋友现在这个阶段好奇心爆棚，每天都有问不完的“为什么”，为了支持他更好地探索世界，各类营养的补充就格外重要了！而旺玥奶粉中就有优量DHA和珍稀燕窝酸，这两种营养素共同作用，就能为宝贝的成长稳稳助攻！,,,,
102,眼脑双引擎,优量DHA和珍稀燕窝酸双管齐下，可以补充孩子眼脑发育所需的营养，有利于眼脑进阶发育,,,,
103,眼脑双引擎,含有优量DHA与珍稀燕窝酸，更好地为学习保驾护航，助力更好地探索知识，太省心了～,,,,
104,眼脑双引擎,高含量DHA+珍稀燕窝酸的组合，为孩子的眼脑发育提供营养支持！,,,,
105,眼脑双引擎,这款奶粉含有丰富的营养成分，高含量的DHA和珍稀燕窝酸，助力脑眼发育，就像给娃的小脑袋安上了智慧加速器~,,,,
106,营养丰富,高钙高铁高锌的配方，每天早晚两杯，就相当于同时补充了8杯酸奶的钙、1顿菠菜的铁和22只基围虾的锌，营养补得又足，妈妈又省心。,,,,
107,营养丰富,含有高钙、高铁、高锌，轻松摄入三十多种关键营养，能够全面兼顾三岁以后孩子的营养所需。,,,,
108,营养丰富,旺玥这款含有高钙高铁高锌，就算挑食也不用担心营养缺口。,,,,
109,营养丰富,在营养全面上，旺玥还是高钙高铁高锌的实力派。每天两杯，补足30多种关键营养，给足孩子营养上的高质量陪伴。,,,,
110,营养丰富,营养要全面，旺玥奶粉高钙、高铁、高锌，孩子长高长肉长身体都离不开它们。,,,,
111,营养丰富,3岁正是成长黄金期，旺玥的高钙、高铁、高锌就能很好照顾到这个阶段孩子成长所需的关键。,,,,
112,营养丰富,高钙、高铁、高锌，30多种关键营养叠加，满满的营养“包袱”，就算在户外撒野一天也能活力满满。,,,,
113,营养丰富,孩子的营养支持一旦跟不上，可能就会成为成长的隐性短板。旺玥高钙高铁高锌，一杯30+种关键营养，有助于补充孩子成长的营养所需,,,,
114,营养丰富,"
早晚一杯旺玥，就能补到高铁高钙高锌等30多种关键营养，孩子黄金成长期一点都不耽误～
",,,,
115,营养丰富,旺玥一杯下肚，高铁高钙高锌等30+种关键营养全get！基本把小朋友成长所需的营养，都妥妥照顾到了！,,,,
116,营养丰富,旺玥还含有30多种关键营养，包含高钙、高铁、高锌，足量营养能满足孩子的成长需求。,,,,
117,营养丰富,一杯奶中就富含高铁高钙高锌等30多种关键性营养,,,,
118,营养丰富,高铁高钙铁锌的配方，30多种关键营养一步到位,,,,
119,营养丰富,早晚冲泡一杯就能获取到高铁高钙高锌30多种关键营养，确保孩子能获取到足量的营养~,,,,
120,营养丰富,高铁高钙高锌配方 含有30+种关键营养，助力多种营养元素的吸收，每杯奶基本把孩子日常所缺的营养素都涵盖了~ ,,,,
121,营养丰富,如果您不能每天准备好： 3个鸡蛋🥚、8杯酸奶🥛、22只基围虾🦐、1个橙子🍊、1根胡萝卜🥕、180克的菠菜🥬！早早做好、并且让宝贝吃下： ——那么 🇳🇱皇家美素佳儿旺玥儿童奶粉 绝对是机智如您最正确的选择了，一天2杯,,,,
122,营养丰富,高钙高铁高锌的全能配方，每天两杯就能补充30多种营养~ 孩子3岁后有了自己的口味，日常饮食中营养难免有缺口，但只要早上一杯睡前一杯旺玥，营养补充就完全不用担心～,,,,
123,营养丰富,"高钙高铁高锌加上30+种关键营养
        
能够为孩子提供全面的营养支持，助力孩子健康成长，太省心啦！",,,,
124,营养丰富,"高钙高铁高锌等30+种关键营养都能轻松Get~
营养方面就不用操心咯！",,,,
125,营养丰富,"
现在早上和睡前都一杯，轻松就get了高铁高钙高锌30+种关键营养呢~",,,,
126,营养丰富,泡好后的口味也很清淡，孩子很适应，每天早晚一杯，高铁高钙高锌30➕种关键营养就能轻松,,,,
127,营养丰富,平时户外活动我们也会备上旺玥奶粉，玩累了饿了来上一杯奶，高铁高钙高锌30+种关键营养进肚～营养跟上了，身体倍儿棒，我心里就很满足～,,,,
128,营养丰富,皇家美素佳儿旺玥一天两杯轻松搞定，30+种营养丰富~,,,,
129,营养丰富, 口感清淡，不甜腻，娃现在每天早晚自己抱着杯子喝得可带劲了， 早晚一杯就能摄入30+种关键营养！刚好满足孩子这个阶段所需要的营养，补充成长所需！,,,,
130,营养丰富,早晚各一杯就能帮助小朋友补充高铁高钙高锌30+种关键营养，基本全面照顾到了成长的所需日常营养~,,,,
131,营养丰富,高钙高铁高锌配方，每天两杯相当于同时补充了8杯酸奶的钙 、1顿菠菜的铁和22只基围虾的锌！,,,,
132,营养丰富,高钙高铁高锌，每天2杯等于同时补充8杯酸奶➕1顿菠菜的铁➕22只基围虾的锌~,,,,
133,营养丰富,"高钙高铁高锌配方，每天两杯轻轻松松摄入30+种关键营养，提供3岁-14岁孩子成长营养所需。
",,,,
134,营养丰富,"满满一杯，就能补充30多种营养，这下就不怕营养补充不到位啦~

",,,,
135,营养丰富,美素佳儿旺玥奶粉真心不错！宝宝喝了消化好，不上火，轻轻松松摄入30+种关键营养，身高体重增长稳定！,,,,
136,营养丰富,旺玥助力3岁宝宝成长发育需要，高铁高锌高钙，喝完再来囤货,,,,
137,营养丰富,旺玥奶粉营养好喝，支持保护力，孩子喝了很多罐了，高钙，高铁，高锌，多种关键营养，助力孩子的健康发育，会一直回购的。,,,,
138,进阶保护力+眼脑双引擎,"专门为3岁以上孩子研发的IMMU GEN 强护配方，原萃活性免疫球蛋白、乳铁蛋白和5种HMO三大明星成分强势联手，给宝贝的身体构建起层层防护网，给成长满满的安全感🥰。
配方中的优量DHA和珍稀燕窝酸这对黄金CP更是锦上添花，能为孩子注入满满的智慧能量，学习变得更容易~",,,,
139,进阶保护力+眼脑双引擎,"这款儿童奶粉可是专为3岁+儿童研发的IMMU GEN强护配方！👊
里面的原萃活性免疫球蛋白➕超群乳铁蛋白➕5种HMO，组成三大保护力，给小朋友满满的营养呵护！
还含有优良DHA跟珍稀燕窝酸，助力小朋友成长的每一步！
",,,,
140,进阶保护力+眼脑双引擎,皇家美素佳儿旺玥奶粉就很靠谱，含免疫相关成分，帮她增加保护力量，换季跑跳出汗状态也不掉线~还搭配了眼脑营养，挑食也不缺微量元素,,,,
141,进阶保护力+眼脑双引擎,"3岁-14岁专属研发含有： 
-乳铁蛋白(100g奶粉中含90mg) 
-免疫球蛋白
-5大HMO)
-燕窝酸 
-优量DHA(100g奶粉中含73mg)",,,,
142,进阶保护力+眼脑双引擎,"它是针对三岁以上孩子研发的IMMU GEN强护配方：原萃活性免疫球蛋白+乳铁蛋白+5种HMO，三大营养强强联手，给娃叠加三层保护力buff，抵挡降温困扰~还有优量DHA+珍稀燕窝酸，助力娃成长每一步，让娃在自然美育中，体力脑力双双在线～

",,,,
143,进阶保护力+眼脑双引擎,"
里面有近6倍高活免疫球蛋白乳铁蛋白和HMO三大保护力成分 三大组合让保护力时刻在线
 
还有高含量的DHA和珍稀燕窝酸满足小宝宝用眼用脑的营养需求
 
这个学期我们有旺玥儿童成长奶粉的陪伴一定要做个全勤宝宝",,,,
144,进阶保护力+眼脑双引擎,"
皇家美素佳儿旺玥奶粉专为3岁以上的儿童设计，这个年龄段的儿童正处于成长的关键期，需要更多的营养来支持身体和大脑的发育。旺玥奶粉含有乳铁蛋白+免疫球蛋白+5大HMO，还有DHA和珍稀燕窝酸，在营养成分上充分满足了3岁以上儿童的成长需求。

",,,,
145,进阶保护力+眼脑双引擎,旺玥是皇家美素佳儿旗下专为3岁~14岁孩子研发的突破性强护配方奶粉，有含量超群的免疫球蛋白+乳铁蛋白，5大HMO的三大强护明星因子，DHA和燕窝酸，两大眼脑黄金搭档，加持孩子体质保护和眼脑发育所需营养。,,,,
146,进阶保护力+眼脑双引擎,"
这款奶粉专门为3岁+宝宝专属研发了IMMU GEN强护配方
有原萃活性免疫球蛋白、乳铁蛋白和5种HMO
三大核心保护力成分强强联合，让体质持续在线不掉队~
它还有优量DHA和珍稀燕窝酸，双管齐下，助力学习力满格!
",,,,
147,进阶保护力+营养丰富,皇家美素佳儿旺玥里面营养配方成分不错，添加乳铁蛋白，可以增强宝宝抵抗力；口感也不错，小朋友喜欢喝，适合小朋友体质，营养全面吸收好~,,,,
148,眼脑双引擎+营养丰富,高含量DHA和珍稀燕窝酸，还有高铁高钙高锌等30多种关键营养，一同助力成长！早晚来一杯，再也不用费心计算孩子每天吃了多少营养啦。,,,,
149,眼脑双引擎+营养丰富,眼脑双引擎，优量DHA与珍稀燕窝酸助力认知发展，搭配高钙高铁高锌，全方位夯实成长基础。30+种关键营养素全面覆盖成长需求，助力小朋友轻松适应幼儿园集体生活。,,,,
150,眼脑双引擎+营养丰富,含有DHA、珍稀燕窝酸等脑营养，它是高铁高钙高锌配方！冲泡一杯，就能补充30多种关键营养，轻松拥有满满的能量补给。,,,,
151,眼脑双引擎+营养丰富,还有优量DHA和珍稀燕窝酸，还是高钙高铁高锌的配方，每天两杯就能获取到30+种关键营养！,,,,
152,眼脑双引擎+营养丰富,它还有优量DHA和珍稀燕窝酸，早晚一杯不仅补了高铁高钙高锌，30+种关键营养也齐了,,,,
153,眼脑双引擎+营养丰富,优量DHA+珍稀燕窝酸，高铁高钙高锌30+种关键营养,,,,
154,眼脑双引擎+营养丰富,含有DHA、珍稀燕窝酸等脑营养，喝一杯就能轻松摄入高铁、高钙、高锌等30多种关键营养,,,,
155,眼脑双引擎+营养丰富,还有优量DHA和珍稀燕窝酸， 还有高铁、高钙、高锌等30+种关键营养,,,,
156,眼脑双引擎+营养丰富,还有优量DHA和珍稀燕窝酸，搭配 高铁、高钙、高锌等30+种关键营养，科学配比，全面满足学龄前儿童冲刺期的日常所需,,,,
157,眼脑双引擎+营养丰富,它还有优量DHA+珍稀燕窝酸， 一杯奶中就富含30多种关键性营养，其中包括了高铁高钙高锌，再也不用担心孩子的营养补充不到位了。,,,,
158,眼脑双引擎+营养丰富,还含有优量DHA加上珍稀燕窝酸，营养更丰富，高铁高钙高锌加上30+种关键营养,,,,
159,眼脑双引擎+营养丰富,里面还含有优量DHA和珍稀燕窝酸，助力孩子全面发展。 它还是高钙高铁高锌配方，含有30+种关键营养素，日常所需营养这里都有。,,,,
160,眼脑双引擎+营养丰富,里面的优量DHA和珍稀燕窝酸也十分出色，这款奶粉还是高铁高钙高锌的配方，每天给孩子冲泡一杯就能获取到30多种关键营养，满足孩子成长的多种需求,,,,
161,眼脑双引擎+营养丰富,款奶粉的配方里还含有优量DHA和珍稀燕窝酸哦，双重营养加持，早晚一杯就能摄入高铁高钙高锌等30➕种关键营养,,,,
162,眼脑双引擎+营养丰富,这款儿童成长奶粉含优量DHA和珍稀燕窝酸双管齐下，一杯就能补充高铁高钙高锌30+种关键营养，基本全面照顾到了小朋友们成长的所需日常营养,,,,
163,眼脑双引擎+营养丰富,它里含有优量DHA和珍稀燕窝酸，给孩子更加全面的营养！宝宝成长自然更出色💪~ 满满一杯就能补充高铁高钙高锌30+种关键营养，基本照顾到了小朋友们成长的所需日常营养😎,,,,
164,眼脑双引擎+营养丰富,优量DHA和珍稀燕窝酸，两大营养双管齐下！高铁、高钙、高锌，还有30多种关键营养！运动过后来一杯，营养直接拉满~,,,,
165,眼脑双引擎+营养丰富,"
优量DHA和珍稀燕窝酸这对“黄金搭档”
全方位满足孩子成长的多元需求
满满一杯就能补充高铁高钙高锌30多种关键营养
就不用担心营养补充不到位了",,,,
166,眼脑双引擎+营养丰富,含有优量DHA和珍稀燕窝酸，这对黄金搭档对孩子的成长发育至关重要！早晚来一杯，就有高铁高钙高锌30+种关键营养，以后可算是不用担心她的营养元素摄入不足啦。,,,,
167,眼脑双引擎+营养丰富,旺玥含有优量DHA和珍稀燕窝酸，再加上高铁、高钙、高锌的科学配方，一杯下肚就能让宝宝获取30多种营养，这下不怕营养补充不到位了！,,,,
168,眼脑双引擎+营养丰富,优量DHA和珍稀燕窝酸双管齐下，为成长助力！早晚来上一杯就能给孩子补充到高铁高钙高锌30+种关键营养，满足成长所需营养~,,,,
169,眼脑双引擎+营养丰富,"皇家美素佳儿旺玥还有优量DHA和珍稀燕窝酸；高铁、高钙、高锌，再加上30多种关键营养，营养这块真的很能打！👏早晚冲一杯，成长需要的营养就都齐活了，省心又踏实~
        ",,,,
170,进阶保护力+眼脑双引擎+营养丰富,"皇家美素佳儿旺玥专为3岁以上儿童研发，其IMMU GEN强护配方特别给力！
含原萃活性免疫球蛋白、超群乳铁蛋白及5种HMO三大保护力营养，搭配优量DHA与珍稀燕窝酸，全面支持小朋友的成长需要，早晚一杯就能补充 30 多种营养素～",,,,
171,进阶保护力+眼脑双引擎+营养丰富,6倍高活免疫球蛋白+乳铁蛋白+5大HMO，孩子体质更稳固，家长更放心；DHA、燕窝酸、高钙高铁高锌，全方位助力孩子大脑和身体成长，每天早晚一杯，妥妥的能量补给站。,,,,
172,进阶保护力+眼脑双引擎+营养丰富,"
像美素佳儿旺玥儿童奶粉，就是3岁+宝宝的营养好帮手！
✅它突破性添加免疫球蛋白，联合乳铁蛋白和HMO，三重保护，提升宝宝自护力，让宝宝身体更强壮
✅优量DHA和珍稀燕窝酸，眼脑双引擎，助力宝宝眼脑发育，学习更专注，思维更敏捷
✅高钙高铁高锌，一杯奶，补足成长关键营养。每天两杯，相当于补充8杯酸奶的钙、一顿菠菜的铁和20多只基围虾的锌，营养满满！ ",,,,