id,核心场景,妈妈痛点/内心OS,​产品卖点切入​（关键）,​产品卖点切入​（详细）,内容沟通策略,关键词,必带词（待确认）,,,,,,,,,,
1,季节/天气变化（秋冬换季、流感季、降温、早晚温差大）,免疫力/体质弱（易生病、换季中招、流感防护、交叉感染）,进阶保护力,突破性添加了近6倍高活免疫球蛋白 ，还有搭配了高含量乳铁蛋白和HMO，这三大明星保护力成分密切配合 ，能全方位为孩子的身体保驾护航，让保护力时刻在线！,"围绕秋冬换季降温与流感的典型痛点，强化“保护力＝安心过冬的底气”，过渡到“好身体是源于旺玥的保护力加持”。
将保护力转化为孩子“少请假、少遭罪”的具体成果，塑造旺玥为“秋冬防护必备营养搭档”的形象。",保护力，换季不中招，上学全勤，不请假，宝宝“防护网”，体格棒棒,,,,,,,,,,,
2,季节/天气变化（秋冬换季、流感季、降温、早晚温差大）,心理/情绪焦虑（担心孩子生病、选择困难、营养补充焦虑）,进阶保护力+眼脑双引擎,"突破性添加了近6倍高活免疫球蛋白 ，还有搭配了高含量乳铁蛋白和HMO，这三大明星保护力成分密切配合 ，能全方位为孩子的身体保驾护航，让保护力时刻在线！

旺玥有两大眼脑营养，分别为高含量DHA和珍稀燕窝酸 ，能够兼顾孩子学习中用眼用脑的营养需求 ，学习状态直接拉满~",聚焦父母对换季与流感的深层担忧，以“科学配方，守护选择”为核心，强调旺玥通过三大保护力成分的协同作用，为孩子的健康提供稳定保障。将产品价值转化为“选对一次，安心一季”，直接缓解家长的选择焦虑与营养补充不确定性。,秋冬不焦虑，省心之选，科学守护，选对不焦虑,,,,,,,,,,,
3,户外活动（户外运动、互动量增加消耗大、秋游、露营、野餐、滑雪、动物园、公园）,免疫力/体质弱（易生病、换季中招、流感防护、交叉感染）,进阶保护力,突破性添加了近6倍高活免疫球蛋白 ，还有搭配了高含量乳铁蛋白和HMO，这三大明星保护力成分密切配合 ，能全方位为孩子的身体保驾护航，让保护力时刻在线！,针对户外接触频繁、交叉感染风险高的痛点，聚焦“出门玩得欢，更要防得住”。强调旺玥三大保护力成分构成的“动态防护盾”，能有效支持孩子应对人群密集环境，让孩子尽情探索，家长安心放手。,外出防护盾，尽情探索，安心撒欢，人群不怕,,,,,,,,,,,
4,户外活动（户外运动、互动量增加消耗大、秋游、露营、野餐、滑雪、动物园、公园）,营养不足/不均衡（三餐难全面、营养搭配复杂、成长营养需求高）,进阶保护力+眼脑双引擎,"突破性添加了近6倍高活免疫球蛋白 ，还有搭配了高含量乳铁蛋白和HMO，这三大明星保护力成分密切配合 ，能全方位为孩子的身体保驾护航，让保护力时刻在线！

旺玥有两大眼脑营养，分别为高含量DHA和珍稀燕窝酸 ，能够兼顾孩子学习中用眼用脑的营养需求 ，学习状态直接拉满~",聚焦户外探索与消耗对孩子注意力和学习状态的影响。将“玩得好才能学得好”作为核心逻辑，强调旺玥的DHA与燕窝酸能有效补充孩子在户外大量用眼用脑后所需的眼脑营养，帮助孩子快速恢复最佳学习状态，实现探索力与学习力的双向提升。,探索续航力，眼脑加油站，玩学两不误，状态拉满，户外学习力,,,,,,,,,,,
5,户外活动（户外运动、互动量增加消耗大、秋游、露营、野餐、滑雪、动物园、公园）,户外/活动消耗大（容易累、活力不足、营养跟不上消耗）,进阶保护力+眼脑双引擎,"突破性添加了近6倍高活免疫球蛋白 ，还有搭配了高含量乳铁蛋白和HMO，这三大明星保护力成分密切配合 ，能全方位为孩子的身体保驾护航，让保护力时刻在线！

旺玥有两大眼脑营养，分别为高含量DHA和珍稀燕窝酸 ，能够兼顾孩子学习中用眼用脑的营养需求 ，学习状态直接拉满~","针对户外活动体力与脑力双重消耗的特点，聚焦“持续活力，专注探索”。强调旺玥不仅通过三大保护力成分构筑免疫防线，还以DHA与燕窝酸快速补充大脑营养，帮助孩子在长时间户外活动后保持活力与专注，从“体力消耗”到“脑力续航”全面支持。
",体力续航，脑力补给，双重续航力，持续专注，探索不累,,,,,,,,,,,
6,户外活动（户外运动、互动量增加消耗大、秋游、露营、野餐、滑雪、动物园、公园）,成长发育需求（眼脑发育、身高增长、体质基础、自护力提升）,进阶保护力+眼脑双引擎,"突破性添加了近6倍高活免疫球蛋白 ，还有搭配了高含量乳铁蛋白和HMO，这三大明星保护力成分密切配合 ，能全方位为孩子的身体保驾护航，让保护力时刻在线！

旺玥有两大眼脑营养，分别为高含量DHA和珍稀燕窝酸 ，能够兼顾孩子学习中用眼用脑的营养需求 ，学习状态直接拉满~",将户外活动定位为“成长的天然课堂”。强调旺玥以三大保护力成分构筑体质基础，以DHA与燕窝酸支持户外探索中的眼脑发育，将“快乐探索”与“全面成长”深度结合，满足户外场景下孩子成长发育的综合需求。,成长助力，探索中成长，眼脑体全面发展，户外成长营,,,,,,,,,,,
7,上学/集体生活（入园、上学、集体活动、交叉感染风险）,免疫力/体质弱（易生病、换季中招、流感防护、交叉感染）,进阶保护力,突破性添加了近6倍高活免疫球蛋白 ，还有搭配了高含量乳铁蛋白和HMO，这三大明星保护力成分密切配合 ，能全方位为孩子的身体保驾护航，让保护力时刻在线！,聚焦集体生活中交叉感染频发的核心痛点，将学校环境定位为“保护力第一考场”。强调旺玥三大保护力成分构成的“立体防护网”，能帮助孩子在密集接触中建立有效免疫防线，为“全勤上学”和“安心学习”提供坚实保障。,上学防护盾，集体生活盾牌，全勤小卫士，交叉感染不怕，安心上学,,,,,,,,,,,
8,上学/集体生活（入园、上学、集体活动、交叉感染风险）,心理/情绪焦虑（担心孩子生病、选择困难、营养补充焦虑）,进阶保护力+眼脑双引擎,"突破性添加了近6倍高活免疫球蛋白 ，还有搭配了高含量乳铁蛋白和HMO，这三大明星保护力成分密切配合 ，能全方位为孩子的身体保驾护航，让保护力时刻在线！

旺玥有两大眼脑营养，分别为高含量DHA和珍稀燕窝酸 ，能够兼顾孩子学习中用眼用脑的营养需求 ，学习状态直接拉满~",聚焦上学场景下父母“既担心健康又操心学习”的双重焦虑，以“安心上学，高效学习”为核心。强调旺玥通过三大保护力成分降低生病风险、解除家长后顾之忧，同时以眼脑营养支持在校学习状态，用一瓶奶粉化解两项核心焦虑。,安心双保障，学习不断档，上学不操心，健康学习力，专注一整天,,,,,,,,,,,
9,上学/集体生活（入园、上学、集体活动、交叉感染风险）,营养不足/不均衡（三餐难全面、营养搭配复杂、成长营养需求高）,眼脑双引擎+营养丰富,"旺玥有两大眼脑营养，分别为高含量DHA和珍稀燕窝酸 ，能够兼顾孩子学习中用眼用脑的营养需求 ，学习状态直接拉满~

高钙高铁高锌配方；每天两杯相当于同时补充了8杯酸奶的钙 、1顿菠菜的铁和22只基围虾的锌，轻轻松松摄入30+种关键营养，  能够全面兼顾到3岁以后孩子成长的营养所需",将产品塑造为针对“脑力续航”和“营养补充”的高效解决方案。通过突出高含量DHA和珍稀燕窝酸的“强强联合”，并直接将其效果与“学习状态在线”、“专注力持久”等可感知的结果绑定，满足家长对孩子“吃得好、学得进”的核心期待，简化其在校期间的营养补充决策，特别是在校期间的孩子会挑食，营养不足影响生长发育和学习状态,"上学营养, 校园生活, 眼脑发育, 学习状态, DHA, 燕窝酸, 营养补充, 脑力支持, 专注力, 3岁+奶粉, 关键营养",,,,,,,,,,,
10,上学/集体生活（入园、上学、集体活动、交叉感染风险）,成长发育需求（眼脑发育、身高增长、体质基础、自护力提升）,眼脑双引擎+营养丰富+进阶保护力,"旺玥不仅突破性添加了近6倍高活免疫球蛋白 ，还有搭配了高含量乳铁蛋白和HMO，这三大明星保护力成分，能全方位为孩子的身体保驾护航！同时高含量DHA和珍稀燕窝酸 ，能够兼顾孩子学习中用眼用脑的营养需求；
高钙高铁高锌配方；每天两杯相当于同时补充了8杯酸奶的钙 、1顿菠菜的铁和22只基围虾的锌，轻轻松松摄入30+种关键营养，  能够全面兼顾到3岁以后孩子成长的营养所需；
近6倍高活免疫球蛋白，保护力届王牌成分；行业独一份
",聚焦“孩子的起跑线，从健康体魄和清晰头脑开始”。针对家长对孩子进入集体生活的深层焦虑，将旺玥定位为“一站式安心解决方案”：以三大保护力成分构筑“校园防护盾牌”，降低家长对孩子在集体环境中交叉感染的担忧；以高含量DHA与珍稀燕窝酸，专门应对日益繁重的课业及长时间看书带来的用眼疲劳与脑力透支，确保孩子在校学习能保持专注力与视力舒适度；再以高钙高铁高锌等30+种关键营养，作为孩子体格强健的坚实后盾。,免疫球蛋白，眼脑开发，入园防护，成长关键期，体质好,,,,,,,,,,,
11,上学/集体生活（入园、上学、集体活动、交叉感染风险）,挑食、不喜欢吃蔬菜、集体生活吃的不好,营养丰富,"天然的奶香和清淡的口味，更加适合这个阶段孩子的口感需求，孩子很爱喝；高钙高铁高锌配方；
每天两杯相当于同时补充了8杯酸奶的钙 、1顿菠菜的铁和22只基围虾的锌；轻轻松松摄入30+种关键营养，  能够全面兼顾到3岁以后孩子成长的营养所需；
天然含有OPO ，能够让好营养被更好地消化吸收，从而提供营养的高效利用",内容需直面“孩子在园吃不好”的普遍焦虑，将产品塑造为可靠便捷的“营养兜底方案”，通过强调“孩子爱喝”解决执行难题，并用生动的营养量化类比直观展示其弥补膳食缺口的能力，最终让家长获得“即使挑食，成长营养也不落后”的确定感。,挑食，不爱吃蔬菜，幼儿园吃饭，营养补充，口感清淡，孩子爱喝，高钙高铁高锌，OPO吸收，营养兜底，30种营养，3岁奶粉，成长营养,,,,,,,,,,,
12,营养选择（早餐、晚餐、挑食、不爱吃蔬菜、奶粉选择、营养品选购、不知道怎么补充全面营养）,营养不足/不均衡（三餐难全面、营养搭配复杂、成长营养需求高）,眼脑双引擎+营养丰富,"
【高含量的DHA】
作为眼脑发育的刚需营养素 ，DHA无法通过自身合成只能由外界摄入。且在同等他条件下它的含量是多多益善的。旺玥的DHA含量达到了73mg/ 100g；堪称行业大手笔了！ 
【珍稀燕窝酸】
作为对大脑和神经十分有益处的成分 ， 燕窝酸大概在每10公斤   牛奶中才能提取到1g ，属于十分珍稀又难得的营养素了 。
【高钙高铁高锌配方】每天两杯相当于同时补充了8杯酸奶的钙 、1顿菠菜的铁和22只基围虾的锌。轻轻松松摄入30+种关键营养，  能够全面兼顾到3岁以后孩子成长的营养所需。",从“营养选择焦虑”切入，3岁+的孩子正在成长发育关键期，营养补充很重要，特别是有些孩子还挑食、不爱吃蔬菜，如何补充成长所需的关键营养就是一个大难题，将产品塑造为解决“不会补、补不全”难题的“终极方案”。沟通中着重使用数据权威（如73mg/100g DHA）与成分作用建立专业信任，并用“一杯解决多餐营养缺口”的量化类比，直观传达其“高密度、全覆盖”的营养价值，最终让家长形成“选这一样，就够全面”的认知结论。,营养选择，早餐晚餐，挑食，奶粉选购，DHA含量高，燕窝酸珍稀，高钙高铁高锌，30种营养，营养一步到位，眼脑发育，成长营养，3岁+，科学搭配,,,,,,,,,,,
13,营养选择（早餐、晚餐、挑食、不爱吃蔬菜、奶粉选择、营养品选购、不知道怎么补充全面营养）,奶粉选择困难（奶粉成分复杂、产品概念多、选择焦虑、效果不明显）,眼脑双引擎+进阶保护力+营养丰富,"旺玥不仅突破性添加了近6倍高活免疫球蛋白 ，还有搭配了高含量乳铁蛋白和HMO，这三大明星保护力成分密切配合 ，能全方位为孩子的身体保驾护航，让保护力时刻在线！

旺玥有两大眼脑营养，分别为高含量DHA和珍稀燕窝酸 ，能够兼顾孩子学习中用眼用脑的营养需求 ，学习状态直接拉满~

而且是高钙高铁高锌配方；每天两杯相当于同时补充了8杯酸奶的钙 、1顿菠菜的铁和22只基围虾的锌。轻轻松松摄入30+种关键营养，  能够全面兼顾到3岁以后孩子成长的营养所需。",直面家长面对复杂成分表时的选择焦虑，市场上儿童奶粉种类多样，不知道如何选择合适的奶粉，将产品塑造为“成分主义终结者”——通过明确展示三大明星保护力成分、两大眼脑营养及高密度基础营养的组合，建立“一瓶满足所有成长刚需”的强认知。运用直接对比（如“一杯 vs 多餐”）和效果承诺（如“保护力在线、状态拉满”）来化解“效果不明显”的疑虑，最终传递“选对一瓶，焦虑全消”的决策轻松感。,"奶粉选择困难, 成分党, 免疫球蛋白, 乳铁蛋白, HMO, 保护力在线, DHA, 燕窝酸, 眼脑发育, 高钙高铁高锌, 30种营养, 营养一步到位, 3岁+奶粉, 科学配方, 选择焦虑",,,,,,,,,,,
14,营养选择（早餐、晚餐、挑食、不爱吃蔬菜、奶粉选择、营养品选购、不知道怎么补充全面营养）,成长发育需求（眼脑发育、身高增长、体质基础、自护力提升）,眼脑双引擎+进阶保护力+营养丰富,"旺玥不仅突破性添加了近6倍高活免疫球蛋白 ，还有搭配了高含量乳铁蛋白和HMO，这三大明星保护力成分，能全方位为孩子的身体保驾护航！同时高含量DHA和珍稀燕窝酸 ，能够兼顾孩子学习中用眼用脑的营养需求；
高钙高铁高锌配方；每天两杯相当于同时补充了8杯酸奶的钙 、1顿菠菜的铁和22只基围虾的锌，轻轻松松摄入30+种关键营养，  能够全面兼顾到3岁以后孩子成长的营养所需；
近6倍高活免疫球蛋白，保护力届王牌成分；行业独一份
",塑造产品是儿童成长发育阶段一站式精准营养方案，沟通侧重于这个阶段的孩子处在成长关键期，营养需求很多，眼脑发育、长个子、挑食高发期、零散补充烦恼，需要更安心更靠谱的解决方案；将复杂的成长需求（眼脑、体质、身高）与产品的系统化营养矩阵（进阶保护力+眼脑双引擎+营养丰富）清晰对应，化解家长“单一补充难以兼顾全面发育”的核心焦虑，最终建立“选对营养，加速成长”的确定性认知。,成长发育，营养选择，眼脑发育，身高增长，自护力，免疫球蛋白，乳铁蛋白，HMO，DHA，燕窝酸，高钙高铁高锌，全能营养，3岁+奶粉，发育黄金期，精准补充，科学配比,,,,,,,,,,,
15,营养选择（早餐、晚餐、挑食、不爱吃蔬菜、奶粉选择、营养品选购、不知道怎么补充全面营养）,挑食、不喜欢吃蔬菜、集体生活吃的不好,营养丰富,"天然的奶香和清淡的口味，更加适合这个阶段孩子的口感需求，孩子很爱喝；高钙高铁高锌配方；
每天两杯相当于同时补充了8杯酸奶的钙 、1顿菠菜的铁和22只基围虾的锌；轻轻松松摄入30+种关键营养，  能够全面兼顾到3岁以后孩子成长的营养所需；
天然含有OPO ，能够让好营养被更好地消化吸收，从而提供营养的高效利用",内容需直面孩子挑食、不爱吃蔬菜导致的“隐形营养缺口”，将产品塑造为可靠、可执行的“家庭营养基座”。通过优先强调“孩子爱喝”降低执行门槛，再以生动类比直观量化其营养补偿能力，相当于轻轻松松摄入30+种关键营养，最后用OPO成分点明吸收优势，形成闭环说服，为家长提供“即使吃不好，营养也能跟上”的确定性解决方案。,挑食，不爱吃蔬菜，集体饮食，营养缺口，口感清淡，孩子爱喝，高钙高铁高锌，OPO吸收，营养救援，30种营养，3岁+奶粉，成长护航，高效利用,,,,,,,,,,,
16,居家/日常（居家生活、创意手工、育儿分享）,成长发育需求（眼脑发育、身高增长、体质基础、自护力提升）,眼脑双引擎+进阶保护力+营养丰富,"旺玥不仅突破性添加了近6倍高活免疫球蛋白 ，还有搭配了高含量乳铁蛋白和HMO，这三大明星保护力成分，能全方位为孩子的身体保驾护航！同时高含量DHA和珍稀燕窝酸 ，能够兼顾孩子学习中用眼用脑的营养需求；
高钙高铁高锌配方；每天两杯相当于同时补充了8杯酸奶的钙 、1顿菠菜的铁和22只基围虾的锌，轻轻松松摄入30+种关键营养，  能够全面兼顾到3岁以后孩子成长的营养所需；
近6倍高活免疫球蛋白，保护力届王牌成分；行业独一份
","聚焦“居家成长黄金期，每一天都至关重要”。针对居家环境下的科学营养矩阵（免疫王牌+眼脑营养+成长营养），无缝融入“创意手工”、“亲子阅读”、“育儿分享”等温馨具体的居家场景中，并针对孩子长时间居家看书、线上学习、使用平板电脑导致的用眼疲劳与脑力消耗，提供精准的眼脑营养支持，保护视力、提升专注；强调产品作为“每日成长仪式”和“安心营养基底”的价值，塑造其“于细微日常处，支持孩子每一次探索与进步”的可靠、温暖形象。
",居家育儿，日常营养，创意手工，眼脑发育，身高支持，自护力，免疫球蛋白，DHA燕窝酸，高钙高铁高锌，成长伴侣，营养基石，3岁+，温和滋养，全面发育,,,,,,,,,,,
17,居家/日常（居家生活、创意手工、育儿分享）,免疫力/体质弱（易生病、换季中招、流感防护、交叉感染）,进阶保护力,"【近6倍高活免疫球蛋白】
保护力届王牌成分；行业独一份；让旺玥成为保护力行业天花板！既 能为孩子提供直达的保护力；更兼攻防守——①激活保护细胞，主动消灭外界侵袭源；②加固保护屏障，阻隔大部分入侵；③建立长期免疫记忆，避免重复感染情况发生。
高含量乳铁蛋白】
作为母婴圈熟知的保护力明星选手 ，乳铁蛋白的核心是通过与病菌争夺铁离子从而抑制其繁殖。因此我们除了要关注奶粉中是否添加外，更应该关注其含量的高低。像旺玥中的含量就是达到了90mg/ 100g堪称大手笔了 ，重新定义保护力标准，杜绝概念性添加。
5大HMO】
旺玥含有五种HMO ， 不仅对细菌有良好的抑制效果 ， 而且能够    完善孩子自身的防御屏障。",塑造产品为孩子的“家庭隐形防护服”，沟通需淡化焦虑感，将专业的免疫成分（三层防御机制：免疫球蛋白、高含量乳铁蛋白、5种HMO）转化为“让孩子在家安心探索、创意玩耍”的安心保障。通过强调成分的“足量”与“协同”作用（如“重新定义保护力标准”），建立其在日常场景中“主动防御、稳固屏障”的专业形象，满足家长对“体质强健、少生病”的根本期待。,居家防护，免疫力，换季防护，体质基础，免疫球蛋白，乳铁蛋白，HMO，家庭防护罩，保护力天花板，防御壁垒，主动防御，少生病，创意探索，安心育儿,,,,,,,,,,,
18,居家/日常（居家生活、创意手工、育儿分享）,营养不足/不均衡（三餐难全面、营养搭配复杂、成长营养需求高）,眼脑双引擎+营养丰富,"
【高含量的DHA】
作为眼脑发育的刚需营养素 ，DHA无法通过自身合成只能由外界摄入。且在同等他条件下它的含量是多多益善的。旺玥的DHA含量达到了73mg/ 100g；堪称行业大手笔了！ 

【珍稀燕窝酸】
作为对大脑和神经十分有益处的成分 ， 燕窝酸大概在每10公斤   牛奶中才能提取到1g ，属于十分珍稀又难得的营养素了 。

【高钙高铁高锌配方】每天两杯相当于同时补充了8杯酸奶的钙 、1顿菠菜的铁和22只基围虾的锌。轻轻松松摄入30+种关键营养，  能够全面兼顾到3岁以后孩子成长的营养所需。",塑造产品为“家庭营养的聪明之选”与“成长加速的日常基石”，淡化营养焦虑。沟通重点在于将“高含量DHA”、“珍稀燕窝酸”等专业成分，与孩子在家专注学习、探索手工时的“眼脑活力时刻”自然关联。通过“一杯≈多餐”的生动类比，直观传达其弥补家庭膳食不足、简化营养搭配的“省心力”价值，最终呈现“在日常的每一杯里，悄悄拉满成长进度条”的安心与高效感。,居家营养，三餐搭配，眼脑发育，DHA含量高，燕窝酸珍稀，高钙高铁高锌，成长加速，30种营养，营养一步到位，聪明补充，创意手工，专注力，3岁+，营养基石，日常智慧,,,,,,,,,,,
19,居家/日常（居家生活、创意手工、育儿分享）,奶粉选择困难（奶粉成分复杂、产品概念多、选择焦虑、效果不明显）,眼脑双引擎+进阶保护力+营养丰富,"突破性添加了近6倍高活免疫球蛋白 ，还有搭配了高含量乳铁蛋白和HMO，这三大明星保护力成分密切配合 ，能全方位为孩子的身体保驾护航，让保护力时刻在线；
两大眼脑营养，分别为高含量DHA和珍稀燕窝酸 ，能够兼顾孩子学习中用眼用脑的营养需求：
专门为儿童专研IMMU GEN强护配方；
高钙高铁高锌，更含乳脂球膜蛋白MFGM等30+种关键营养，提供3岁+儿童成长营养所需",3岁+是孩子成长发育的关键期，除了日常的均衡饮食以外，也需要搭配合适的儿童奶粉进行补充，市面上的奶粉很多，对于妈妈们而言不知道哪款奶粉才是真正适合宝宝，满足宝宝成长发展需要，通过皇家美素佳儿旺玥的各种成分引出是真正适合3岁+儿童,儿童奶粉选择、3岁+奶粉选择、怎么选奶粉、好奶粉、,,,,,,,,,,,
20,居家/日常（居家生活、创意手工、育儿分享）,挑食、不喜欢吃蔬菜、集体生活吃的不好,营养丰富,"天然的奶香和清淡的口味，更加适合这个阶段孩子的口感需求，孩子很爱喝；高钙高铁高锌配方；
每天两杯相当于同时补充了8杯酸奶的钙 、1顿菠菜的铁和22只基围虾的锌；轻轻松松摄入30+种关键营养，  能够全面兼顾到3岁以后孩子成长的营养所需；
天然含有OPO ，能够让好营养被更好地消化吸收，从而提供营养的高效利用",针对孩子挑食不爱吃蔬菜的问题，强调皇家美素佳儿旺玥口感清淡，适合这个阶段的孩子，孩子爱喝，同时高钙高铁高锌配方，每天两杯相当于摄入30+种关键营养，可以满足孩子3岁+以后的营养需求，帮助孩子更好成长，不担心挑食而影响孩子生长发育。,孩子挑食怎么办、儿童营养补充、高钙高铁、膳食纤维、、3岁后营养、宝宝辅食、营养吸收、保护力,,,,,,,,,,,
21,成长关键期（儿童成长、身高、长个、体质提升、眼脑发育、体格成长、内护力下降、注意力不集中、脆皮仔、体质弱、容易中招）,免疫力/体质弱（易生病、换季中招、流感防护、交叉感染）,进阶保护力,突破性添加了近6倍高活免疫球蛋白 ，还有搭配了高含量乳铁蛋白和HMO，这三大明星保护力成分密切配合 ，能全方位为孩子的身体保驾护航，让保护力时刻在线！,在孩子成长的关键阶段，体格基础的夯实至关重要，但“中招”生病总像“绊脚石”，打乱成长节奏-——这是无数妈妈的共同焦虑。此时，亟需“硬核”营养为孩子兜底，筑牢保护力防线！皇家美素佳儿旺玥的三大明星保护力成分，正是关键期最可靠的“成长护航员”，让孩子少生病、稳步长！,体质弱、脆皮宝宝、容易中招、孩子老生病怎么办、容易生病、脆皮仔、,,,,,,,,,,,
22,成长关键期（儿童成长、身高、长个、体质提升、眼脑发育、体格成长、内护力下降、注意力不集中、脆皮仔、体质弱、容易中招）,营养不足/不均衡（三餐难全面、营养搭配复杂、成长营养需求高）,眼脑双引擎+进阶保护力+营养丰富,"旺玥不仅突破性添加了近6倍高活免疫球蛋白 ，还有搭配了高含量乳铁蛋白和HMO，这三大明星保护力成分，能全方位为孩子的身体保驾护航！同时高含量DHA和珍稀燕窝酸 ，能够兼顾孩子学习中用眼用脑的营养需求；

高钙高铁高锌配方；每天两杯相当于同时补充了8杯酸奶的钙 、1顿菠菜的铁和22只基围虾的锌，轻轻松松摄入30+种关键营养，  能够全面兼顾到3岁以后孩子成长的营养所需；

近6倍高活免疫球蛋白，保护力届王牌成分；行业独一份",3岁+孩子进入成长“加速期”，妈妈们总想把营养补得“面面俱到”，但日常食补难免“顾此失彼”——想让孩子钙铁锌“一个不落”，又要满足30多种关键营养。皇家美素佳儿旺玥的「高钙高铁高锌配方」就是“省心答案”，每天两杯，轻松实现“8杯酸奶的钙+1顿菠菜的铁+22只基围虾的锌”，30+种关键营养一次补齐，全面覆盖3岁后孩子成长所需，让妈妈的“营养焦虑”秒变“安心底气”！,营养补充、3岁+孩子吃什么、营养不足怎么办、饮食搭配、孩子长得好吃什么,,,,,,,,,,,
23,成长关键期（儿童成长、身高、长个、体质提升、眼脑发育、体格成长、内护力下降、注意力不集中、脆皮仔、体质弱、容易中招）,奶粉选择困难（奶粉成分复杂、产品概念多、选择焦虑、效果不明显）,眼脑双引擎+进阶保护力+营养丰富,"旺玥不仅突破性添加了近6倍高活免疫球蛋白 ，还有搭配了高含量乳铁蛋白和HMO，这三大明星保护力成分密切配合 ，能全方位为孩子的身体保驾护航，让保护力时刻在线！

旺玥有两大眼脑营养，分别为高含量DHA和珍稀燕窝酸 ，能够兼顾孩子学习中用眼用脑的营养需求 ，学习状态直接拉满~

而且是高钙高铁高锌配方；每天两杯相当于同时补充了8杯酸奶的钙 、1顿菠菜的铁和22只基围虾的锌。轻轻松松摄入30+种关键营养，  能够全面兼顾到3岁以后孩子成长的营养所需。",孩子成长关键期，选对奶粉堪比“营养加速器”——除了一日三餐，优质奶粉的营养加持直接关系到生长发育节奏！但市面上奶粉琳琅满目，成分表像“天书”，妈妈们挑花了眼：怕选错、怕不吸收、怕营养跟不上。强调皇家美素佳儿旺玥专为3岁+儿童研制，精准配比多种关键营养，一站式满足孩子骨骼、免疫、脑发育等成长所需，让妈妈选得放心，孩子补得精准！,奶粉选择、儿童奶粉怎么选、奶粉成分、奶粉推荐、营养效果好、不会选奶粉、成长关键期,,,,,,,,,,,
24,成长关键期（儿童成长、身高、长个、体质提升、眼脑发育、体格成长、内护力下降、注意力不集中、脆皮仔、体质弱、容易中招）,户外/活动消耗大（容易累、活力不足、营养跟不上消耗）,进阶保护力+营养丰富,"旺玥不仅突破性添加了近6倍高活免疫球蛋白 ，还有搭配了高含量乳铁蛋白和HMO，这三大明星保护力成分密切配合 ，能全方位为孩子的身体保驾护航，让保护力时刻在线！

而且是高钙高铁高锌配方；每天两杯相当于同时补充了8杯酸奶的钙 、1顿菠菜的铁和22只基围虾的锌。轻轻松松摄入30+种关键营养，  能够全面兼顾到3岁以后孩子成长的营养所需。",3岁+的娃像“永动机”，户外活动撒欢跑、爬上爬下精力爆棚，但要是营养没跟上，分分钟变“蔫黄瓜”——跑两步就喊累、活力跟不上，甚至换季时小状况频出，让老母亲揪心又扫兴？引申到三大保护力明星成分筑牢免疫防线，30+关键营养精准补充能量，让娃户外探索时“电力满格”，跑跳自如不喊累，小状况绕道走，尽情释放天性！,户外玩、孩子容易累怎么办、孩子没活力、容易饿、太爱动、营养补充,,,,,,,,,,,
25,成长关键期（儿童成长、身高、长个、体质提升、眼脑发育、体格成长、内护力下降、注意力不集中、脆皮仔、体质弱、容易中招）,成长发育需求（眼脑发育、身高增长、体质基础、自护力提升）,眼脑双引擎+进阶保护力+营养丰富,"旺玥不仅突破性添加了近6倍高活免疫球蛋白 ，还有搭配了高含量乳铁蛋白和HMO，这三大明星保护力成分，能全方位为孩子的身体保驾护航！同时高含量DHA和珍稀燕窝酸 ，能够兼顾孩子学习中用眼用脑的营养需求；

高钙高铁高锌配方；每天两杯相当于同时补充了8杯酸奶的钙 、1顿菠菜的铁和22只基围虾的锌，轻轻松松摄入30+种关键营养，  能够全面兼顾到3岁以后孩子成长的营养所需；

近6倍高活免疫球蛋白，保护力届王牌成分；行业独一份",3岁+的孩子正是成长发育的关键期，这一期间孩子的营养需求高，从自身保护力到眼脑发育再到长个子，这些都是关键，也是孩子打好身体基础的重要阶段，每个妈妈都会格外关注孩子的营养补充，旺玥奶粉中三大明星保护成分、两大眼脑黄金搭档以及高钙高铁高锌，可以满足这个成长阶段的需求,成长发育、眼脑发育、保护力防线、长个子、体格成长、,,,,,,,,,,,
26,成长关键期（儿童成长、身高、长个、体质提升、眼脑发育、体格成长、内护力下降、注意力不集中、脆皮仔、体质弱、容易中招）,挑食、不喜欢吃蔬菜、集体生活吃的不好,营养丰富,"天然的奶香和清淡的口味，更加适合这个阶段孩子的口感需求，孩子很爱喝；高钙高铁高锌配方；

每天两杯相当于同时补充了8杯酸奶的钙 、1顿菠菜的铁和22只基围虾的锌；轻轻松松摄入30+种关键营养，  能够全面兼顾到3岁以后孩子成长的营养所需；

天然含有OPO ，能够让好营养被更好地消化吸收，从而提供营养的高效利用",3岁+是孩子成长发育的重要阶段，但很多孩子存在挑食、不爱吃蔬菜的问题，这让妈妈们非常担心营养摄入不足会影响孩子的正常发育。针对这一情况，皇家美素佳儿旺玥特别添加了30多种关键营养素，包括钙、铁、锌等成长必需元素，以及多种维生素和矿物质，能有效弥补日常饮食中可能缺乏的营养，帮助孩子获得全面均衡的营养支持。即使孩子挑食，也能确保其获得成长所需的各类营养，让妈妈们不再为孩子的营养摄入问题而担忧。,挑食、孩子不吃饭、孩子吃的少、幼儿园不吃饭、不爱吃蔬菜、饮食如何搭配、注意力不集中,,,,,,,,,,,
27,成长关键期（儿童成长、身高、长个、体质提升、眼脑发育、体格成长、内护力下降、注意力不集中、脆皮仔、体质弱、容易中招）,心理/情绪焦虑（担心孩子生病、选择困难、营养补充焦虑）,眼脑双引擎+进阶保护力+营养丰富,"高钙高铁高锌配方；每天两杯相当于同时补充了8杯酸奶的钙 、1顿菠菜的铁和22只基围虾的锌，轻轻松松摄入30+种关键营养，  能够全面兼顾到3岁以后孩子成长的营养所需；

旺玥不仅突破性添加了近6倍高活免疫球蛋白 ，还有搭配了高含量乳铁蛋白和HMO，这三大明星保护力成分，能全方位为孩子的身体保驾护航！同时高含量DHA和珍稀燕窝酸 ，能够兼顾孩子学习中用眼用脑的营养需求；",孩子成长这个阶段妈妈总是容易焦虑，担心宝宝营养不足，容易生病，不知道怎么补充营养，也不知道该选什么奶粉，皇家美素佳儿旺玥奶粉完美适配这个阶段的宝宝，三大明星保护力成分以及眼脑发育关键营养，帮助孩子度过发展关键期，成长不掉队。,怎么补营养、孩子老生病、怎么选奶粉、长个奶粉、儿童奶粉选择、孩子爱喝,,,,,,,,,,,